practice_area,best_practice,why_latest_or_relevant,leatt_action,what_it_signals,reporting_kpis
AI search foundation,"Treat classic SEO as the foundation for AI Overviews, AI Mode, Bing Copilot and grounding results.","Google and Bing both state AI search experiences depend on normal crawling, indexing, ranking, retrieval and content quality.","Keep product/category pages indexable, useful, specific and technically clean; avoid creating a separate 'AI SEO' silo.","Organic visibility, AI visibility, cited/grounded answer eligibility.","Search Console, Bing Webmaster Tools, Merchant Center AI performance insights."
Product structured data,Implement complete Product/ProductGroup JSON-LD for PDPs and variants.,"Product schema helps search systems understand price, availability, identifiers, variants, shipping and returns.","Add SKU/GTIN where available, price, availability, images, brand, variants, ratings, shipping and return policy.","Rich result eligibility, shopping panel coverage, product understanding.","Structured data validation, rich result eligibility, product data completeness."
Merchant Center feed,"Use Merchant Center feeds as the trusted product-data layer, not only on-page schema.",Google says using both structured data and Merchant Center feeds maximizes eligibility and helps verify product data.,"Create/enrich feed attributes for title, description, category, image, price, availability, shipping, returns, GTIN/SKU and product highlights.","Free listings, shopping surfaces, AI shopping visibility, feed approval health.","Feed disapprovals, product completeness, free listing impressions, AI share of voice where available."
Conversational attributes,"Rewrite product/category copy around shopper questions and use-cases, not keyword stuffing.",AI shopping queries are more conversational and journey-based; Merchant Center AI insights measure query terms and journey phases.,"For Apparel, add buying-guide language such as use-case, fit, protection level, terrain, climate, rider type and compatibility.","AI query coverage, non-brand demand capture, PDP conversion.","Conversational query coverage, FAQ engagement, Search Console long-query clicks."
Category hub strategy,Build authoritative category hubs for hero and high-margin categories.,Ecommerce navigation and internal links help search engines understand site structure and page importance.,"Create a Apparel hub because it contributes R1,759,430,045 modeled revenue; link to subcategories, guides and PDPs.","Category rankings, internal PageRank flow, crawl discovery, conversion paths.","Non-brand category clicks, impressions, indexed category URLs, category revenue."
Faceted navigation control,Control filter/facet URLs so useful facets are indexable and low-value combinations do not waste crawl budget.,"Large ecommerce catalogs can generate duplicate/thin URLs; canonical, noindex and sitemap decisions must be deliberate.","Index SEO-worthy combinations like activity/category; noindex or canonical low-value filters like sort, price-only or temporary parameters.","Crawl efficiency, duplicate control, category authority.","Indexed URL count, duplicate title rate, crawl waste, canonical mismatch."
JavaScript rendering,"Prefer server-side rendering, static rendering or hydration for product/category content.","Google guidance says dynamic rendering is a workaround, not a long-term solution.","Ensure product names, prices, images, links, availability and category copy are visible in rendered HTML and linked via href anchors.","Indexability, crawl reliability, content visibility.","Rendered HTML checks, Search Console URL inspection, crawl comparison."
Trust and originality,Use human-reviewed AI assistance; do not publish scaled auto-generated copy without expertise or value.,"Bing warns against automatically generated low-quality content, keyword stuffing, scraped content and prompt-injection manipulation.","Use AI to draft briefs, then add expert product knowledge, unique comparisons, fit notes, local shipping/returns and real customer language.","Trust, ranking resilience, AI citation quality.","Content QA score, duplicate content, organic assisted conversion, review sentiment."
Schema plus visible content,Keep structured data consistent with visible page content.,Bing and Google can ignore misleading or invalid markup; structured data must represent what users see.,"Validate schema in CI; block deployment when price, availability or return policy markup differs from PDP content/feed.","Rich result trust, data consistency, reduced eligibility loss.","Schema errors, merchant feed mismatches, PDP/feed price deltas."
AI performance measurement,"Create a new AI Search Visibility report, separate from normal SEO but connected to revenue.","Merchant Center AI performance insights introduces share of voice, competitor average, query frequency and journey phase metrics where available.","Track discovery/evaluation/purchase query visibility, product terms, competitor presence and content gaps.","AI share of voice, emerging demand, competitor displacement.","AI impressions, share of voice, query type, journey phase, competitor average."
Bing/Copilot readiness,Submit clean sitemaps and use IndexNow for freshness where appropriate.,"Bing guidelines emphasize sitemaps, freshness, crawlable links and structured data for search and AI grounding.",Publish canonical sitemap URLs with accurate lastmod; submit important product/category updates via IndexNow.,Bing/Copilot freshness and grounding eligibility.,"Bing indexed pages, crawl errors, IndexNow submissions, sitemap lastmod accuracy."
SEO-to-BI loop,"Connect SEO, Merchant Center, GA4, Shopify, Fabric and Power BI into one growth model.","SEO becomes more valuable when traffic, ranking, product data, returns and margin are evaluated together.","Join query/category/product data to revenue, margin, returns and stock so SEO recommendations optimize profit, not only clicks.",Profitable organic growth and reduced wasted content effort.,"Organic revenue, gross margin, return rate by landing page, stockout impact."
